,Unnamed: 0,full_name,code,team,element_type,now_cost,total_points,points_per_game,minutes,goals_scored,assists,goals_conceded,clean_sheets,influence,creativity,threat,Unnamed: 16,id,player_name,time,xG,xA,shots,key_passes,yellow_cards,npxG,xGChain,xGBuildup,xP
136,355,Kevin De Bruyne,61366,13,3,121,20,10.0,177,1,2,0,2,93.0,121.5,65,11,447,Kevin De Bruyne,180,0.302655317,1.091166705,6,8,0,0.302655317,2.01943922,1.117408127,33.1
191,39,Ollie Watkins,178301,2,4,74,12,6.0,114,0,2,2,0,42.8,36.8,47,273,8865,Ollie Watkins,111,0.506384432,1.16104831,2,3,0,0.506384432,1.759590404,0.092157662,29.8
92,86,Ivan Toney,144485,4,4,71,17,8.5,180,1,2,2,1,76.6,68.9,39,19,998,Ivan Toney,180,0.644004365,1.022186697,3,7,0,0.644004365,1.066922486,0.049258433,29.8
76,26,Gabriel Fernando de Jesus,205651,1,4,81,21,10.5,165,2,2,2,1,106.0,36.9,143,3,5543,Gabriel Jesus,172,2.037570447,0.577289581,8,3,0,2.037570447,2.103009135,0.06567842,29.8
34,416,Callum Wilson,75115,15,4,75,8,4.0,175,1,0,0,2,35.2,40.1,51,12,468,Callum Wilson,179,0.719353974,0.18924227,4,3,0,0.719353974,0.930683937,0.022087697,29.8
83,503,Harry Kane,78830,18,4,114,10,5.0,180,1,0,3,0,54.2,55.3,78,15,647,Harry Kane,180,0.972694322,0.863401711,5,5,0,0.972694322,1.34131223,0.260683656,29.8
49,116,Danny Welbeck,50175,5,4,65,9,4.5,180,0,1,1,1,27.2,47.4,76,55,501,Danny Welbeck,180,0.482833162,0.641282015,6,4,0,0.482833162,1.654519141,0.54653259,29.8
42,380,Cristiano Ronaldo dos Santos Aveiro,14937,14,4,104,3,1.5,127,0,0,4,0,12.4,47.1,46,132,2371,Cristiano Ronaldo,125,0.271831043,0.139890939,7,4,0,0.271831043,0.52886153,0.139813229,29.8
242,332,Trent Alexander-Arnold,169187,12,2,75,4,2.0,180,0,0,3,0,37.2,95.8,42,122,1791,Trent Alexander-Arnold,180,0.145500511,0.949059075,4,6,0,0.145500511,2.276128829,1.304731011,27.857142857142858
141,353,Kyle Walker,58621,13,2,51,12,6.0,171,0,0,0,2,17.6,25.9,0,72,638,Kyle Walker,176,0.0,0.022680599,0,1,0,0.0,1.239457607,1.216777012,26.5
207,365,RÃºben Gato Alves Dias,171314,13,2,60,12,6.0,153,0,0,0,2,27.8,3.5,24,205,6853,RÃºben Neves,180,0.071305196,0.135649279,3,2,1,0.071305196,0.77859211,0.72252728,26.5
112,359,JoÃ£o Cancelo,121145,13,2,70,18,9.0,180,0,1,0,2,24.6,40.6,17,133,2379,JoÃ£o Cancelo,180,0.042535771,0.154906496,2,2,1,0.042535771,1.218650609,1.105754524,26.5
138,417,Kieran Trippier,77794,15,2,50,14,7.0,180,0,0,0,2,40.4,57.3,10,75,652,Kieran Trippier,180,0.0519058,0.178833578,1,3,0,0.0519058,0.302805066,0.302805066,26.5
72,426,Fabian SchÃ¤r,119471,15,2,46,20,10.0,180,1,0,0,2,86.6,15.3,25,7,76,Fabian SchÃ¤r,180,0.062356032,0.049559593,2,1,1,0.062356032,0.606013238,0.606013238,26.5
43,418,Dan Burn,78916,15,2,45,13,6.5,180,0,0,0,2,32.0,11.9,40,227,7382,Dan Burn,180,0.237977903,0.022218166,5,1,0,0.237977903,0.619866908,0.588064015,26.5
180,361,Nathan AkÃ©,126184,13,2,50,13,6.5,180,0,0,0,2,42.6,3.9,42,84,751,N&#039;Golo KantÃ©,178,0.068598311,0.186219402,2,3,0,0.068598311,1.209594131,1.092913389,26.5
203,509,Pierre-Emile HÃ¸jbjerg,132015,18,3,55,12,6.0,180,1,0,3,0,88.0,41.7,7,10,343,Pierre-Emile HÃ¸jbjerg,180,0.026101446,0.478972316,1,3,0,0.026101446,1.07310003,0.568026319,25.818181818181817
195,117,Pascal GroÃŸ,60307,5,3,56,18,9.0,180,2,0,1,1,81.6,64.5,95,1,239,Pascal GroÃŸ,180,1.735150158,0.345925378,4,5,0,1.735150158,2.207963943,0.20498278,25.818181818181817
219,293,Rodrigo Moreno,80954,11,3,61,22,11.0,154,3,0,3,0,110.2,32.9,142,0,2381,Rodrigo,157,1.55203186,0.416053742,8,3,0,1.55203186,0.892112412,0.109238178,25.818181818181817
77,17,Gabriel Martinelli Silva,444145,1,3,63,16,8.0,180,2,0,2,1,80.6,67.0,54,4,7752,Gabriel Martinelli,180,0.925435506,0.635315686,3,5,0,0.925435506,1.261605352,0.27731609,25.818181818181817
53,460,Dean Henderson,172649,16,1,45,17,8.5,180,0,0,2,1,98.0,0.0,0,240,7702,Dean Henderson,180,0.0,0.0,0,0,1,0.0,0.127221376,0.127221376,22.5
95,301,Jack Harrison,221399,11,3,60,10,5.0,173,0,2,3,0,69.0,131.0,14,267,8720,Jack Harrison,178,0.0,1.200662911,0,11,2,0.0,1.182376802,0.222569108,15.631578947368421
30,434,Bruno GuimarÃ£es Rodriguez Moura,208706,15,3,60,6,3.0,180,0,0,0,2,32.0,51.2,3,255,8327,Bruno GuimarÃ£es,180,0.017332915,0.282897234,1,3,0,0.017332915,1.167030334,0.930850208,15.631578947368421
89,354,Ilkay GÃ¼ndogan,59859,13,3,75,13,6.5,141,1,0,0,2,45.4,60.6,47,9,314,Ilkay GÃ¼ndogan,151,0.591740683,0.236761495,4,5,0,0.591740683,1.121654212,0.506784387,15.631578947368421
94,358,Jack Grealish,114283,13,3,70,4,2.0,135,0,0,0,1,13.2,54.4,18,78,675,Jack Grealish,130,0.060656518,0.727556661,1,4,0,0.060656518,1.335792214,0.566434149,15.631578947368421
93,443,Jack Colback,58771,16,3,45,2,2.0,90,0,0,2,0,14.4,1.3,0,89,767,Jack Colback,90,0.0,0.0,0,0,0,0.0,0.04274746,0.04274746,15.631578947368421
87,565,Hwang Hee-chan,184754,20,3,60,6,3.0,141,0,1,2,0,32.2,28.8,49,270,8845,Hee-Chan Hwang,147,0.183958024,0.528313577,3,2,0,0.183958024,1.257393181,0.545121595,15.631578947368421
98,46,Jacob Ramsey,232653,2,3,54,2,1.0,135,0,0,2,0,23.4,40.8,14,275,8941,Jacob Ramsey,139,0.05888588,0.214904577,2,3,1,0.05888588,0.368736565,0.208241113,15.631578947368421
107,544,Jarrod Bowen,178186,19,3,85,4,2.0,174,0,0,3,0,14.2,4.0,24,120,1776,Jarrod Bowen,178,0.184416007,0.0,2,0,0,0.184416007,0.218839958,0.073530331,15.631578947368421
99,394,Jadon Sancho,209243,14,3,74,3,1.5,148,0,0,6,0,13.2,49.1,22,189,6345,Jadon Sancho,154,0.0,0.211353678,0,4,0,0.0,0.504184723,0.292831041,15.631578947368421
101,273,James Maddison,172780,10,3,80,12,6.0,180,1,1,6,0,66.2,80.0,85,30,6818,James Maddison,180,0.391410157,0.172102273,8,6,0,0.391410157,0.494050846,0.172602974,15.631578947368421
102,321,James Milner,15157,12,3,45,6,3.0,93,0,1,2,0,28.2,31.0,18,53,489,James Milner,95,0.084419683,0.1132439,1,2,0,0.084419683,0.779791005,0.662446804,15.631578947368421
104,481,James Ward-Prowse,101178,17,3,65,11,5.5,180,1,0,6,0,58.8,59.3,25,16,843,James Ward-Prowse,180,0.09206954,0.127807498,3,3,0,0.09206954,0.177567113,0.036186699,15.631578947368421
82,244,Harrison Reed,153366,9,3,45,4,2.0,180,0,0,2,1,28.2,38.3,22,100,910,Harrison Reed,180,0.078902163,0.139771789,1,3,1,0.078902163,0.255680813,0.087104157,15.631578947368421
109,65,Jefferson Lerma SolÃ­s,152551,3,3,50,10,5.0,180,1,0,4,1,49.0,0.2,17,24,2182,Jefferson Lerma,180,0.101869233,0.0,1,0,0,0.101869233,0.026748877,0.026748877,15.631578947368421
110,182,Jeffrey Schlupp,86417,7,3,50,4,2.0,172,0,0,3,0,29.4,7.1,32,86,757,Jeffrey Schlupp,177,0.15599288,0.0,3,0,0,0.15599288,0.670366943,0.51437407,15.631578947368421
111,467,Jesse Lingard,109322,16,3,60,8,4.0,180,0,1,2,1,12.6,40.8,34,63,558,Jesse Lingard,180,0.206179231,0.103531135,2,3,0,0.206179231,0.352457836,0.103914637,15.631578947368421
113,253,JoÃ£o Palhinha GonÃ§alves,154296,9,3,50,4,2.0,180,0,0,2,1,21.0,1.9,38,312,10715,JoÃ£o Palhinha,180,0.126523525,0.0,2,0,1,0.126523525,0.037738822,0.037738822,15.631578947368421
116,499,Joe Ayodele-Aribo,193204,17,3,55,9,4.5,119,1,0,4,0,48.6,7.3,77,40,10766,Joe Ayodele-Aribo,115,0.821739744,0.0,4,0,0,0.821739744,0.856034242,0.034294497,15.631578947368421
117,433,Joe Willock,200089,15,3,50,6,3.0,154,0,0,0,2,34.2,19.6,80,195,6630,Joe Willock,160,0.249127567,0.088041924,5,1,0,0.249127567,0.69470413,0.4155958,15.631578947368421
121,431,Joelinton CÃ¡ssio ApolinÃ¡rio de Lira,180974,15,3,60,8,4.0,180,0,1,0,2,53.2,60.1,28,41,87,Joelinton,180,0.241065308,0.305680711,3,4,1,0.241065308,1.23975917,1.032999247,15.631578947368421
122,36,John McGinn,122806,2,3,55,4,2.0,180,0,0,3,0,29.8,35.4,26,241,7723,John McGinn,180,0.098007292,0.655832946,5,2,0,0.098007292,1.449604094,1.408444237,15.631578947368421
86,341,Harvey Elliott,444884,12,3,50,5,2.5,117,0,0,2,0,24.6,40.5,63,231,7546,Harvey Elliott,119,0.186103374,0.347297439,3,3,0,0.186103374,1.789699659,1.256298788,15.631578947368421
73,329,Fabio Henrique Tavares,116643,12,3,55,3,1.5,148,0,0,2,0,29.6,22.8,4,141,3420,Fabinho,151,0.0,0.082369082,0,1,0,0.0,1.081933504,1.081933504,15.631578947368421
81,1,Granit Xhaka,84450,1,3,50,14,7.0,180,1,1,2,1,71.4,40.5,30,8,204,Granit Xhaka,180,0.616963923,0.136696313,2,3,1,0.616963923,0.860313609,0.127531236,15.631578947368421
80,586,GonÃ§alo Manuel Ganchinho Guedes,181284,20,3,60,1,1.0,32,0,0,0,0,0.0,1.2,0,165,5682,GonÃ§alo Guedes,30,0.0,0.0,0,0,0,0.0,0.0,0.0,15.631578947368421
26,51,Boubacar Kamara,226944,2,3,50,4,2.0,171,0,0,3,0,31.8,7.0,5,169,5789,Boubacar Kamara,175,0.015612097,0.0,1,0,0,0.015612097,0.657796673,0.657796673,15.631578947368421
25,238,Bobby De Cordova-Reid,96994,9,3,55,4,2.0,180,0,0,2,1,20.2,23.8,66,200,6827,Bobby Reid,180,0.168564588,0.063372105,3,1,1,0.168564588,0.204055963,0.102418384,15.631578947368421
23,69,Ben Pearson,156687,3,3,45,4,2.0,161,0,0,4,1,13.0,2.2,7,317,10742,Ben Pearson,165,0.042054176,0.0,1,0,1,0.042054176,0.068803057,0.026748877,15.631578947368421
16,220,Anthony Gordon,232826,8,3,55,4,2.0,180,0,0,3,0,8.6,2.5,58,249,8150,Anthony Gordon,180,0.165228777,0.0,4,0,0,0.165228777,0.245399781,0.080171011,15.631578947368421
14,254,Andreas Hoelgebaum Pereira,156689,9,3,45,5,2.5,173,0,0,2,1,5.4,45.2,14,101,922,Andreas Pereira,178,0.046721026,0.081282306,1,3,0,0.046721026,0.209829472,0.110620378,15.631578947368421
12,428,Allan Saint-Maximin,170137,15,3,65,5,2.5,163,0,0,0,2,12.2,30.8,89,42,101,Allan Saint-Maximin,167,0.358396769,0.063757408,4,2,1,0.358396769,1.200024433,0.928128183,15.631578947368421
10,127,Alexis Mac Allister,243016,5,3,55,2,1.0,180,0,0,1,1,13.2,5.6,11,256,8379,Alexis Mac Allister,180,0.063769795,0.0,4,0,1,0.063769795,0.593148787,0.529378951,15.631578947368421
9,211,Alex Iwobi,153133,8,3,55,4,2.0,180,0,0,3,0,32.0,55.2,2,54,500,Alex Iwobi,180,0.0,0.244497575,0,4,0,0.0,0.220776521,0.041634414,15.631578947368421
5,114,Adam Lallana,39155,5,3,50,5,2.5,139,0,0,1,1,25.6,43.6,42,51,486,Adam Lallana,145,0.510406792,0.186925203,2,3,0,0.510406792,0.778181255,0.098189101,15.631578947368421
3,210,Abdoulaye DoucourÃ©,121599,8,3,55,3,1.5,124,0,0,2,0,10.2,4.1,27,118,1726,Abdoulaye DoucourÃ©,124,0.091713272,0.0,2,0,0,0.091713272,0.169273406,0.169273406,15.631578947368421
32,11,Bukayo Saka,223340,1,3,80,8,4.0,173,0,1,2,1,15.6,51.5,59,224,7322,Bukayo Saka,178,0.311592452,0.307903528,4,3,0,0.311592452,0.728328526,0.182891183,15.631578947368421
36,199,Cheick DoucourÃ©,438464,7,3,50,4,2.0,152,0,0,2,0,18.6,31.8,3,261,8666,Cheick Oumar Doucoure,158,0.016806837,0.638023019,1,2,0,0.016806837,1.144095916,1.127289075,15.631578947368421
38,403,Christian Eriksen,80607,14,3,64,4,2.0,176,0,0,6,0,32.4,47.7,57,74,646,Christian Eriksen,180,0.546525389,0.13961713,5,3,0,0.546525389,1.172465503,0.496065386,15.631578947368421
39,85,Christian NÃ¸rgaard,128295,4,3,55,5,2.5,151,0,0,2,1,17.8,13.4,0,214,7083,Christian NÃ¸rgaard,158,0.0,0.02847209,0,1,0,0.0,0.593318487,0.593318487,15.631578947368421
45,567,Daniel Castelo Podence,200600,20,3,55,12,6.0,180,1,0,2,1,42.6,56.1,34,159,5595,Daniel James,61,0.058661103,0.0,1,0,0,0.058661103,0.058661103,0.0,15.631578947368421
46,299,Daniel James,200617,11,3,60,1,1.0,56,0,0,2,0,5.6,1.0,19,35,8291,Daniel Podence,180,0.521415815,0.168244839,4,4,1,0.521415815,1.136739284,0.513502754,15.631578947368421
54,546,Declan Rice,204480,19,3,50,1,0.5,180,0,0,3,0,39.6,7.6,19,156,5553,Declan Rice,180,0.821588393,0.0,2,0,1,0.060419556,0.292479347,0.232059792,15.631578947368421
55,522,Dejan Kulusevski,445044,18,3,81,15,7.5,175,1,1,3,0,68.8,41.4,49,29,6691,Dejan Kulusevski,178,0.187367797,0.575793684,2,3,0,0.187367797,1.158887744,0.395726234,15.631578947368421
56,214,Demarai Gray,172632,8,3,55,4,2.0,170,0,0,2,0,10.6,32.1,57,88,762,Demarai Gray,174,0.187875219,0.062284444,3,2,0,0.187875219,0.241688415,0.0,15.631578947368421
61,227,Dwight McNeil,433154,8,3,55,4,2.0,123,0,0,2,0,18.6,35.4,24,198,6756,Dwight McNeil,137,0.142889857,0.068438739,2,2,0,0.142889857,0.179204315,0.125391111,15.631578947368421
62,190,Eberechi Eze,232413,7,3,55,8,4.0,163,0,1,3,0,32.0,25.0,23,263,8706,Eberechi Eze,169,0.383123696,0.433534145,1,1,0,0.383123696,1.314028859,0.497371048,15.631578947368421
66,41,Emiliano BuendÃ­a Stati,195546,2,3,60,9,4.5,75,1,0,2,0,47.6,54.6,55,25,2203,Emiliano BuendÃ­a,68,1.086194158,0.179813551,2,4,0,1.086194158,1.217723489,0.131529272,15.631578947368421
68,129,Enock Mwepu,423649,5,3,54,2,1.0,39,0,0,0,0,13.6,22.7,6,300,9734,Enock Mwepu,35,0.0,0.130430259,0,2,0,0.0,0.019997172,0.019997172,15.631578947368421
126,322,Jordan Henderson,56979,12,3,55,3,1.5,117,0,0,2,0,15.6,46.1,13,67,605,Jordan Henderson,114,0.039354734,0.573322402,2,3,0,0.039354734,1.380989969,0.790985953,15.631578947368421
74,385,Frederico Rodrigues de Paula Santos,101582,14,3,54,2,1.0,97,0,0,6,0,4.8,7.3,5,199,6817,Fred,105,0.018669477,0.0,1,0,0,0.018669477,0.195028007,0.176358528,15.631578947368421
125,180,Jordan Ayew,80146,7,3,55,4,2.0,152,0,0,3,0,24.8,37.9,24,77,672,Jordan Ayew,156,0.064033084,0.109228745,1,3,0,0.064033084,0.173261821,0.064033084,15.631578947368421
144,123,Leandro Trossard,116216,5,3,65,4,2.0,148,0,0,1,1,9.8,44.1,51,236,7698,Leandro Trossard,154,0.185354449,0.1600613,4,2,1,0.185354449,1.071599111,0.753987908,15.631578947368421
129,148,Jorge Luiz Frello Filho,85955,6,3,60,13,6.5,162,1,0,1,1,50.2,44.7,27,22,1389,Jorginho,166,0.809251226,0.192809545,2,3,0,0.048082389,0.830237836,0.589345932,15.631578947368421
131,89,Josh Dasilva,183656,4,3,46,14,7.0,92,2,0,0,1,73.4,3.2,16,6,10405,Josh Dasilva,96,0.059620695,0.0,2,0,0,0.059620695,0.059620695,0.0,15.631578947368421
201,71,Philip Billing,168991,3,3,54,3,1.5,116,0,0,1,1,24.6,11.3,4,174,6034,Philip Billing,112,0.014949395,0.026748877,1,1,1,0.014949395,0.026748877,0.026748877,15.631578947368421
202,28,Philippe Coutinho Correia,84583,2,3,69,2,1.0,140,0,0,2,0,4.4,23.4,23,52,488,Philippe Coutinho,148,0.057919946,0.036583159,2,1,1,0.057919946,0.194830999,0.136911049,15.631578947368421
205,170,Raheem Sterling,103955,6,3,100,8,4.0,173,0,1,1,1,26.0,56.0,92,68,618,Raheem Sterling,177,0.768836036,0.569633037,5,4,0,0.768836036,1.421064854,0.110446144,15.631578947368421
206,564,RÃºben da Silva Neves,171317,20,3,55,6,3.0,180,0,0,2,1,50.0,25.3,3,277,8961,RÃºben Dias,158,0.014141738,0.0,1,0,0,0.014141738,1.169123188,1.169123188,15.631578947368421
214,357,Riyad Mahrez,103025,13,3,79,4,2.0,92,0,0,0,1,16.0,57.0,25,83,750,Riyad Mahrez,91,0.079718627,0.08525679,3,3,0,0.079718627,0.544615582,0.521934971,15.631578947368421
218,367,Rodrigo Hernandez,220566,13,3,60,6,3.0,178,0,0,0,2,25.4,19.1,8,134,2496,Rodri,180,0.121663271,0.0,3,0,0,0.121663271,1.548514992,1.548514992,15.631578947368421
220,516,Rodrigo Bentancur,202993,18,3,55,3,1.5,163,0,0,3,0,36.8,5.2,0,183,6108,Rodrigo Bentancur,170,0.0,0.0,0,0,1,0.0,1.510726362,1.510726362,15.631578947368421
221,473,RomÃ©o Lavia,514356,17,3,45,4,2.0,180,0,0,6,0,21.6,15.5,8,307,10004,Romeo Lavia,180,0.018676354,0.018007427,1,1,0,0.018676354,0.720696151,0.702688754,15.631578947368421
222,154,Ruben Loftus-Cheek,126187,6,3,50,3,1.5,115,0,0,2,0,27.2,25.9,34,80,688,Ruben Loftus-Cheek,106,0.101747423,0.20210357,1,2,0,0.101747423,1.217888594,0.914037585,15.631578947368421
223,70,Ryan Christie,158499,3,3,55,3,1.5,66,0,0,3,0,8.6,1.6,2,318,10744,Ryan Christie,68,0.0,0.0,0,0,0,0.0,0.0,0.0,15.631578947368421
225,543,SaÃ¯d Benrahma,172841,19,3,60,3,1.5,123,0,0,2,0,25.8,51.0,33,142,3585,Said Benrahma,119,0.123613179,0.345908642,4,4,0,0.123613179,0.514054202,0.139780447,15.631578947368421
228,392,Scott McTominay,195851,14,3,49,1,0.5,122,0,0,2,0,11.2,5.4,26,157,5560,Scott McTominay,120,0.070573583,0.0,1,0,2,0.070573583,0.365468845,0.294895254,15.631578947368421
229,119,Solly March,109345,5,3,50,7,3.5,164,0,1,1,1,24.4,30.2,66,178,6049,Solly March,167,0.271713149,0.411281675,4,2,1,0.271713149,0.745544299,0.172982533,15.631578947368421
230,504,Son Heung-min,85971,18,3,120,7,3.5,168,0,1,3,0,46.8,67.3,93,46,453,Son Heung-Min,172,0.789056897,0.266887582,6,5,0,0.789056897,1.061305314,0.165159002,15.631578947368421
231,479,Stuart Armstrong,91047,17,3,50,3,1.5,105,0,0,4,0,4.8,20.0,23,210,6893,Stuart Armstrong,107,0.107863732,0.054240495,2,1,0,0.107863732,0.107863732,0.0,15.631578947368421
234,324,Thiago AlcÃ¡ntara do Nascimento,61558,12,3,54,1,1.0,50,0,0,1,0,6.4,16.8,0,43,229,Thiago AlcÃ¡ntara,53,0.0,0.061388105,0,1,0,0.0,0.078265883,0.016877776,15.631578947368421
236,4,Thomas Partey,167199,1,3,50,5,2.5,180,0,0,2,1,28.0,17.7,49,130,2328,Thomas Partey,180,0.280074745,0.057627331,4,1,0,0.280074745,0.476925492,0.411346436,15.631578947368421
239,215,Tom Davies,173807,8,3,50,0,0.0,55,0,0,1,0,0.8,1.0,4,108,1042,Tom Davies,56,0.123193286,0.0,1,0,1,0.123193286,0.080126293,0.080126293,15.631578947368421
240,547,Tomas Soucek,215439,19,3,55,4,2.0,180,0,0,3,0,25.6,3.4,48,254,8288,Tomas Soucek,180,0.591361761,0.0,4,0,0,0.591361761,0.51981115,0.035883274,15.631578947368421
243,316,Tyler Adams,200785,11,3,50,3,1.5,180,0,0,3,0,32.4,13.9,1,226,7352,Tyler Adams,180,0.015242225,0.028160689,1,1,1,0.015242225,0.218647493,0.190486804,15.631578947368421
250,92,Vitaly Janelt,204580,4,3,55,3,1.5,118,0,0,2,0,23.4,24.5,40,292,9680,Vitaly Janelt,114,0.047608078,0.136815727,1,2,0,0.047608078,0.189168304,0.052352577,15.631578947368421
253,277,Wilfred Ndidi,203341,10,3,50,4,2.0,180,0,0,6,0,23.4,7.4,0,153,5545,Wilfred Ndidi,180,0.0,0.0,0,0,0,0.0,0.228245862,0.228245862,15.631578947368421
254,181,Wilfried Zaha,82403,7,3,70,9,4.5,180,1,0,3,0,56.8,42.2,82,13,522,Wilfried Zaha,180,1.169443043,0.462103453,5,3,0,1.169443043,1.720662832,0.08911635,15.631578947368421
258,95,Yoane Wissa,216646,4,3,55,3,1.5,100,0,0,2,0,2.2,2.0,22,168,5786,Yoane Wissa,98,0.093776273,0.0,3,0,0,0.093776273,0.507370055,0.442574233,15.631578947368421
259,271,Youri Tielemans,166989,10,3,65,4,2.0,152,0,0,5,0,12.8,22.1,16,170,5956,Youri Tielemans,157,0.086638935,0.048949413,4,1,0,0.086638935,0.154701412,0.107532814,15.631578947368421
200,366,Phil Foden,209244,13,3,80,12,6.0,132,1,1,0,1,71.0,70.8,46,26,6055,Phil Foden,140,0.505017936,0.605817638,2,4,0,0.505017936,1.612565041,0.52844302,15.631578947368421
199,570,Pedro Lomba Neto,247632,20,3,55,5,2.5,168,0,0,2,1,24.2,39.5,69,190,6382,Pedro Neto,171,0.100468561,0.43787951,3,2,0,0.100468561,1.436099708,1.014868349,15.631578947368421
194,548,Pablo Fornals Malla,217593,19,3,55,4,2.0,158,0,0,3,0,18.4,40.1,4,131,2335,Pablo Fornals,162,0.041650083,0.085534785,2,3,0,0.041650083,0.760339823,0.723852746,15.631578947368421
161,80,Marcus Tavernier,201658,3,3,50,5,2.5,164,0,0,4,1,14.6,43.5,2,316,10741,Marcus Tavernier,173,0.0,0.327278316,0,3,0,0.0,0.312328905,0.0,15.631578947368421
134,108,Keane Lewis-Potter,249231,4,3,54,1,1.0,31,0,0,0,0,5.2,0.2,2,333,10809,Keane Lewis-Potter,30,0.0,0.0,0,0,0,0.0,0.0,0.0,15.631578947368421
139,278,Kiernan Dewsbury-Hall,215413,10,3,50,12,6.0,162,1,0,5,0,43.8,18.6,10,36,9739,Kiernan Dewsbury-Hall,164,0.047836149,0.01323621,2,1,0,0.047836149,0.237266146,0.197456323,15.631578947368421
143,563,Leander Dendoncker,151589,20,3,50,5,2.5,180,0,0,2,1,34.4,18.7,39,219,7236,Leander Dendoncker,180,0.523670256,0.013587232,3,1,0,0.523670256,1.042176515,0.593087181,15.631578947368421
29,387,Bruno Borges Fernandes,141746,14,3,99,3,1.5,179,0,0,6,0,19.8,59.7,30,109,1228,Bruno Fernandes,180,0.172660403,0.34371565,4,3,1,0.172660403,0.92857489,0.465441808,15.631578947368421
145,44,Leon Bailey,215711,2,3,49,3,1.5,102,0,0,3,0,15.0,42.4,24,152,5221,Leon Bailey,99,0.076711841,0.439388264,1,2,0,0.076711841,0.62020345,0.104103349,15.631578947368421
146,68,Lewis Cook,155408,3,3,50,3,1.5,81,0,0,3,0,10.2,0.9,0,121,1789,Lewis Cook,83,0.0,0.0,0,0,0,0.0,0.0,0.0,15.631578947368421
148,466,Lewis O'Brien,243345,16,3,50,4,2.0,164,0,0,1,1,26.2,2.8,8,324,10759,Lewis O&#039;Brien,167,0.016488699,0.0,1,0,1,0.016488699,0.336866796,0.320378095,15.631578947368421
152,340,Luis DÃ­az,244731,12,3,80,11,5.5,167,1,0,3,0,54.8,19.3,66,37,10408,Luis DÃ­az,170,0.416259602,0.009840791,5,1,1,0.416259602,1.224161744,0.957498223,15.631578947368421
156,539,Manuel Lanzini,86934,19,3,55,2,1.0,77,0,0,1,0,1.2,2.8,16,60,535,Manuel Lanzini,79,0.044208325,0.0,2,0,0,0.044208325,0.044208325,0.0,15.631578947368421
159,313,Marc Roca JunquÃ©,234370,11,3,50,4,2.0,160,0,0,3,0,27.8,24.1,17,150,5086,Marc Roca,165,0.025666622,0.078626161,1,2,0,0.025666622,0.104292784,0.0,15.631578947368421
160,389,Marcus Rashford,176297,14,3,64,3,1.5,180,0,0,6,0,21.2,40.6,65,62,556,Marcus Rashford,180,0.489697248,0.152089348,5,3,1,0.489697248,0.846424431,0.223307312,15.631578947368421
164,5,Martin Ã˜degaard,184029,1,3,65,5,2.5,180,0,0,2,1,11.0,23.6,35,135,2517,Martin Odegaard,180,0.156684652,0.070892759,3,1,0,0.156684652,1.032458186,0.851584591,15.631578947368421
193,476,Oriol Romeu Vidal,78056,17,3,50,2,2.0,74,0,0,4,0,6.2,3.8,2,97,842,Oriol Romeu,77,0.0,0.0,0,0,0,0.0,0.0,0.0,15.631578947368421
166,160,Mason Mount,184341,6,3,80,5,2.5,154,0,0,2,1,32.8,27.4,37,244,7768,Mason Mount,164,0.262234569,0.101747423,4,1,0,0.262234569,0.595909476,0.259777866,15.631578947368421
167,94,Mathias Jensen,207283,4,3,50,15,7.5,131,1,1,2,1,59.4,32.7,22,32,7166,Mathias Jensen,138,0.245567337,0.074068828,2,2,0,0.245567337,0.517992698,0.384706073,15.631578947368421
172,429,Miguel AlmirÃ³n Rejala,179018,15,3,50,6,3.0,170,0,0,0,2,29.8,33.0,45,229,7420,Miguel AlmirÃ³n,173,0.105534993,0.265885592,2,2,0,0.105534993,0.393508293,0.172345638,15.631578947368421
173,480,Mohamed Elyounoussi,96787,17,3,54,2,2.0,60,0,0,2,0,0.0,3.8,8,211,6894,Mohamed Elyounoussi,65,0.050547522,0.0,2,0,0,0.050547522,0.140403822,0.089856304,15.631578947368421
174,330,Mohamed Salah,118748,12,3,130,14,7.0,180,1,1,3,0,58.2,109.7,63,20,1250,Mohamed Salah,180,0.928316861,0.985885829,5,9,0,0.928316861,2.092262387,0.775861092,15.631578947368421
176,131,MoisÃ©s Caicedo Corozo,486672,5,3,50,5,2.5,180,0,0,1,1,41.0,50.6,11,283,9453,MoisÃ©s Caicedo,180,0.014622961,0.118831951,1,4,0,0.014622961,1.463100612,1.406779408,15.631578947368421
177,577,Morgan Gibbs-White,222531,20,3,55,4,2.0,180,0,0,2,1,16.0,26.5,24,207,6857,Morgan Gibbs-White,180,0.584597766,0.088168114,3,1,1,0.584597766,0.545121595,0.0,15.631578947368421
178,492,Moussa Djenepo,431131,17,3,50,7,3.5,161,0,1,6,0,40.4,41.9,12,239,7701,Moussa Djenepo,164,0.085412897,0.081150342,1,3,0,0.085412897,0.783839092,0.719150364,15.631578947368421
186,237,Neeskens Kebano,92259,9,3,55,5,2.5,147,0,0,1,1,10.6,14.5,31,250,8204,Neco Williams,180,0.70833426,0.56736555,5,3,1,0.70833426,0.95731236,0.127221376,15.631578947368421
187,152,N'Golo KantÃ©,116594,6,3,50,5,2.5,174,0,0,1,1,36.4,48.7,23,202,6840,Neeskens Kebano,153,0.111113213,0.078902163,3,1,0,0.111113213,0.327638261,0.159061603,15.631578947368421
192,468,Orel Mangala,179519,16,3,50,4,2.0,98,0,0,1,1,4.2,4.6,8,181,6088,Orel Mangala,100,0.027695516,0.0,1,0,0,0.027695516,0.188388541,0.188388541,15.631578947368421
27,314,Brenden Aaronson,427637,11,3,55,3,1.5,174,0,0,3,0,11.2,26.1,39,320,10751,Brenden Aaronson,177,0.089425026,0.040449653,3,1,1,0.089425026,0.148086129,0.058661103,15.631578947368421
257,213,Yerry Mina,164511,8,2,44,1,1.0,69,0,0,1,0,11.8,0.2,0,194,6521,Yerry Mina,79,0.0,0.0,0,0,1,0.0,0.0,0.0,13.3125
120,177,Joel Ward,55494,7,2,45,1,1.0,90,0,0,1,0,29.0,0.2,0,57,510,Joel Ward,90,0.0,0.0,0,0,1,0.0,0.339396745,0.339396745,13.3125
142,483,Kyle Walker-Peters,158534,17,2,45,7,3.5,180,1,0,6,0,68.8,19.6,41,17,885,Kyle Walker-Peters,180,0.30937317,0.089856304,2,1,0,0.30937317,0.492296778,0.093067302,13.3125
71,43,Ezri Konsa Ngoyo,199798,2,2,45,2,1.0,91,0,0,2,0,20.8,1.3,0,242,7726,Ezri Konsa Ngoyo,91,0.0,0.0,0,0,0,0.0,0.060199212,0.060199212,13.3125
75,14,Gabriel dos Santos MagalhÃ£es,226597,1,2,50,8,4.0,180,0,0,2,1,37.4,2.4,8,163,5613,Gabriel,180,0.057153091,0.0,1,0,0,0.057153091,0.199537989,0.199537989,13.3125
84,384,Harry Maguire,95658,14,2,49,-1,-0.5,180,0,0,6,0,42.2,15.5,34,115,1687,Harry Maguire,180,0.079166196,0.018320184,1,1,2,0.079166196,0.511027459,0.511027459,13.3125
85,465,Harry Toffolo,114241,16,2,45,8,4.0,180,0,0,2,1,29.2,28.5,0,323,10758,Harry Toffolo,180,0.0,0.176775455,0,2,0,0.0,0.381545261,0.331991196,13.3125
91,524,Ivan PeriÅ¡iÄ‡,45034,18,2,54,5,2.5,35,0,1,0,0,27.4,36.3,6,45,448,Ivan Perisic,30,0.0,0.545099497,0,2,0,0.0,0.273117065,0.273117065,13.3125
96,66,Jack Stacey,154131,3,2,44,-1,-1.0,90,0,0,4,0,6.6,4.6,0,245,7823,Jack Stacey,90,0.0,0.0,0,0,1,0.0,0.026748877,0.026748877,13.3125
97,478,Jack Stephens,88900,17,2,45,1,0.5,46,0,0,2,0,14.2,2.5,0,119,1735,Jack Stephens,43,0.0,0.0,0,0,0,0.0,0.04521222,0.04521222,13.3125
100,280,James Justin,220627,10,2,45,4,2.0,180,0,1,6,0,23.0,18.2,2,243,7753,James Justin,180,0.0,0.038089555,0,1,0,0.0,0.162216105,0.124126554,13.3125
103,224,James Tarkowski,17761,8,2,45,3,1.5,180,0,0,3,0,48.6,34.5,58,112,1665,James Tarkowski,180,0.130749129,0.287068054,3,3,0,0.130749129,0.220582664,0.220582664,13.3125
106,484,Jan Bednarek,171771,17,2,45,1,0.5,159,0,0,6,0,38.4,21.1,8,175,6042,Jan Bednarek,164,0.054240495,0.09831202,1,2,0,0.054240495,0.04521222,0.04521222,13.3125
114,121,JoÃ«l Veltman,111478,5,2,45,10,5.0,180,0,0,1,1,45.6,2.1,18,268,8780,JoÃ«l Veltman,180,0.054591209,0.0,1,0,0,0.054591209,0.067683741,0.067683741,13.3125
115,186,Joachim Andersen,174874,7,2,45,2,1.0,180,0,0,3,0,78.0,12.2,13,188,6314,Joachim Andersen,180,0.452222377,0.393576205,1,1,1,0.452222377,0.917779118,0.917779118,13.3125
118,450,Joe Worrall,208912,16,2,45,7,3.5,180,0,0,2,1,35.4,1.1,0,321,10756,Joe Worrall,180,0.0,0.0,0,0,1,0.0,0.202201299,0.202201299,13.3125
119,323,Joel Matip,60914,12,2,60,1,1.0,90,0,0,2,0,30.4,1.8,0,44,332,Joel Matip,90,0.0,0.0,0,0,0,0.0,0.133549348,0.133549348,13.3125
256,488,Yan Valery,213482,17,2,40,0,0.0,45,0,0,2,0,4.0,0.9,0,221,7280,Yan Valery,48,0.0,0.0,0,0,0,0.0,0.0,0.0,13.3125
123,561,Jonathan Castro Otto,114128,20,2,45,7,3.5,167,0,0,2,1,28.8,8.2,23,128,2280,Jonny,170,0.031403754,0.0,2,0,0,0.031403754,1.143069506,1.128789514,13.3125
124,261,Jonny Evans,37642,10,2,45,1,0.5,180,0,0,6,0,28.4,1.7,0,92,807,Jonny Evans,180,0.0,0.0,0,0,0,0.0,0.20009739,0.20009739,13.3125
128,77,Jordan Zemura,447932,3,2,45,6,6.0,90,0,0,0,1,21.6,10.7,2,315,10740,Jordan Zemura,90,0.0,0.086740717,0,1,0,0.0,0.349021852,0.26228115,13.3125
135,248,Kenny Tete,167074,9,2,45,9,4.5,180,0,1,2,1,46.6,15.8,0,171,5973,Kenny Tete,180,0.0,0.087104157,0,1,1,0.0,0.101326757,0.0142226,13.3125
69,506,Eric Dier,93264,18,2,50,9,4.5,180,1,0,3,0,66.0,0.4,37,14,643,Eric Dier,180,0.043801486,0.0,2,0,0,0.043801486,0.522657648,0.522657648,13.3125
65,521,Emerson Leite de Souza Junior,241157,18,2,50,10,5.0,167,0,2,3,0,46.4,24.6,26,230,7430,Emerson,174,0.166745752,0.214627668,3,2,0,0.166745752,1.490045547,1.108672142,13.3125
59,396,Diogo Dalot Teixeira,216051,14,2,44,1,0.5,180,0,0,6,0,34.0,59.2,79,222,7281,Diogo Dalot,180,0.525678895,0.130483683,3,4,0,0.525678895,0.613133103,0.384662285,13.3125
20,508,Ben Davies,115556,18,2,50,6,3.0,175,0,1,3,0,62.6,27.7,42,76,660,Ben Davies,178,0.087457485,0.036633864,2,2,0,0.087457485,0.904017901,0.836574316,13.3125
0,536,Aaron Cresswell,55459,19,2,50,3,1.5,180,0,0,3,0,36.6,84.5,1,59,534,Aaron Cresswell,180,0.054936752,0.362379491,1,6,0,0.054936752,0.331344366,0.285090089,13.3125
1,107,Aaron Hickey,472713,4,2,50,7,3.5,162,0,0,2,1,10.6,4.4,21,276,8942,Aaron Hickey,169,0.04249813,0.0,1,0,0,0.04249813,0.0,0.0,13.3125
6,58,Adam Smith,54469,3,2,45,4,2.0,180,0,0,4,1,22.6,5.9,24,95,825,Adam Smith,180,0.317424025,0.0,2,0,2,0.317424025,0.430913605,0.113489594,13.3125
7,120,Adam Webster,110735,5,2,45,8,4.0,180,0,0,1,1,29.6,3.2,19,237,7699,Adam Webster,180,0.027804565,0.0,1,0,0,0.027804565,0.491450891,0.491450891,13.3125
15,331,Andrew Robertson,122798,12,2,70,3,1.5,152,0,0,3,0,20.2,15.6,30,116,1688,Andrew Robertson,156,0.080319382,0.0,1,0,0,0.080319382,1.465770066,1.385450721,13.3125
17,250,Antonee Robinson,169528,9,2,45,7,3.5,180,0,0,2,1,36.0,20.0,1,274,8940,Antonee Robinson,180,0.0142226,0.071957447,1,1,0,0.0142226,0.109696269,0.023516221,13.3125
18,497,Armel Bella-Kotchap,477386,17,2,45,1,1.0,90,0,0,2,0,7.8,0.3,1,298,9710,Armel Bella Kotchap,90,0.051009428,0.0,1,0,0,0.051009428,0.75369817,0.702688754,13.3125
19,157,Ben Chilwell,172850,6,2,60,9,9.0,64,0,1,0,1,3.2,4.7,2,90,782,Ben Chilwell,74,0.0,0.0,0,0,0,0.0,0.142317265,0.142317265,13.3125
21,549,Ben Johnson,222018,19,2,45,3,1.5,180,0,0,3,0,31.4,0.5,0,191,6424,Ben Johnson,180,0.0,0.0,0,0,0,0.0,0.218839958,0.218839958,13.3125
58,296,Diego Llorente,149915,11,2,45,3,1.5,180,0,0,3,0,35.4,0.8,3,125,2163,Diego Llorente,180,0.037254728,0.0,1,0,0,0.037254728,0.472564816,0.472564816,13.3125
22,110,Ben Mee,51927,4,2,45,14,7.0,148,1,0,2,1,47.0,1.7,35,23,1654,Ben Mee,150,0.561302781,0.0,1,0,0,0.561302781,0.049258433,0.049258433,13.3125
24,8,Benjamin White,198869,1,2,45,6,3.0,164,0,0,2,1,41.2,15.3,0,223,7298,Ben White,169,0.0,0.078886889,0,1,1,0.0,0.634750806,0.555863917,13.3125
33,145,CÃ©sar Azpilicueta,41328,6,2,50,8,4.0,107,0,0,1,1,21.6,26.2,2,79,681,CÃ©sar Azpilicueta,104,0.0,0.25220713,0,2,0,0.0,1.030901819,1.030901819,13.3125
37,72,Chris Mepham,223911,3,2,45,6,3.0,180,0,0,4,1,47.8,0.2,0,228,7384,Chris Mepham,180,0.0,0.0,0,0,1,0.0,0.026748877,0.026748877,13.3125
40,225,Conor Coady,94147,8,2,49,2,2.0,80,0,0,1,0,16.6,0.5,0,203,6851,Conor Coady,84,0.0,0.0,0,0,0,0.0,0.044412207,0.044412207,13.3125
41,519,Cristian Romero,221632,18,2,50,3,1.5,180,0,0,3,0,42.8,3.1,13,217,7218,Cristian Romero,180,0.125088021,0.0,2,0,0,0.125088021,1.132382005,1.132382005,13.3125
44,269,Daniel Amartey,155569,10,2,45,2,1.0,152,0,0,5,0,24.4,14.6,1,87,759,Daniel Amartey,157,0.011097821,0.016957469,1,1,0,0.011097821,0.19055137,0.162496075,13.3125
57,48,Diego Carlos Santos Silva,165659,2,2,49,3,1.5,180,0,0,3,0,23.0,2.8,32,166,5712,Diego Carlos,180,0.739179986,0.0,4,0,0,0.739179986,0.238073906,0.220520142,13.3125
140,540,Kurt Zouma,103192,19,2,45,3,1.5,180,0,0,3,0,24.8,0.3,18,102,935,Kurt Zouma,180,0.063774392,0.0,1,0,0,0.063774392,0.032157723,0.032157723,13.3125
133,171,Kalidou Koulibaly,86129,6,2,55,13,6.5,164,1,0,2,1,67.4,6.3,39,21,1376,Kalidou Koulibaly,174,0.180631012,0.0,4,0,0,0.180631012,0.814627133,0.795312904,13.3125
147,118,Lewis Dunk,83299,5,2,45,9,4.5,180,0,0,1,1,25.8,0.4,4,177,6048,Lewis Dunk,180,0.023503141,0.0,1,0,0,0.023503141,0.0,0.0,13.3125
208,383,RaphaÃ«l Varane,90152,14,2,49,1,1.0,45,0,0,0,0,7.2,1.2,0,127,2245,Raphael Varane,40,0.0,0.0,0,0,0,0.0,0.107794821,0.107794821,13.3125
149,404,Lisandro MartÃ­nez,221820,14,2,44,-1,-0.5,135,0,0,6,0,36.2,3.7,37,328,10802,Lisandro MartÃ­nez,140,0.077251688,0.0,3,0,1,0.077251688,0.305541098,0.292039782,13.3125
211,164,Reece James,225796,6,2,60,14,7.0,180,1,0,2,1,64.2,72.3,44,34,8067,Reece James,180,0.552869648,0.635107964,4,4,2,0.552869648,1.729763329,1.262207627,13.3125
213,91,Rico Henry,194010,4,2,45,10,5.0,180,0,1,2,1,27.6,15.6,16,291,9679,Rico Henry,180,0.085891582,0.442574233,3,1,0,0.085891582,0.533776987,0.049258433,13.3125
217,298,Robin Koch,193645,11,2,45,3,1.5,180,0,0,3,0,53.6,0.5,4,187,6273,Robin Koch,180,0.032678086,0.0,1,0,0,0.032678086,0.442064404,0.442064404,13.3125
224,512,Ryan Sessegnon,184349,18,2,45,8,4.0,121,1,0,2,0,41.6,3.5,70,31,6837,Ryan Sessegnon,128,0.744001269,0.0,3,0,1,0.744001269,0.784022987,0.703085244,13.3125
227,447,Scott McKenna,168281,16,2,45,6,3.0,180,0,0,2,1,32.4,0.7,2,322,10757,Scott McKenna,180,0.0,0.0,0,0,1,0.0,0.176775455,0.176775455,13.3125
232,437,Sven Botman,220237,15,2,45,8,4.0,91,0,0,0,1,12.4,0.3,0,260,8635,Sven Botman,91,0.0,0.0,0,0,0,0.0,0.0,0.0,13.3125
235,146,Thiago Emiliano da Silva,51090,6,2,55,7,3.5,180,0,0,2,1,44.0,13.7,2,139,3288,Thiago Silva,180,0.0,0.077360317,0,1,0,0.0,0.062187605,0.062187605,13.3125
237,234,Tim Ream,82514,9,2,45,7,3.5,180,0,0,2,1,39.6,1.3,2,216,7184,Tim Ream,180,0.0,0.0,0,0,0,0.0,0.153262421,0.153262421,13.3125
238,270,Timothy Castagne,166477,10,2,45,8,4.0,180,1,0,6,0,52.2,25.3,37,27,6157,Timothy Castagne,180,0.055843174,0.0,1,0,0,0.055843174,0.257970758,0.257970758,13.3125
241,242,Tosin Adarabioyo,109646,9,2,45,7,3.5,180,0,0,2,1,27.8,0.8,0,158,5590,Tosin Adarabioyo,180,0.0,0.0,0,0,0,0.0,0.0,0.0,13.3125
244,402,Tyrell Malacia,222690,14,2,44,2,1.0,46,0,0,0,0,13.2,6.8,8,329,10803,Tyrell Malacia,41,0.014477663,0.0,1,0,0,0.014477663,0.095298953,0.080821291,13.3125
245,191,Tyrick Mitchell,244723,7,2,45,3,1.5,168,0,0,3,0,28.0,2.3,0,251,8214,Tyrick Mitchell,172,0.0,0.0,0,0,0,0.0,0.58482343,0.58482343,13.3125
246,38,Tyrone Mings,149484,2,2,44,2,2.0,90,0,0,1,0,16.6,1.3,0,107,1024,Tyrone Mings,90,0.0,0.0,0,0,0,0.0,0.131529272,0.131529272,13.3125
248,327,Virgil van Dijk,97032,12,2,65,3,1.5,180,0,0,3,0,26.6,2.3,4,96,833,Virgil van Dijk,180,0.009840791,0.0,1,0,0,0.009840791,0.968617022,0.958776236,13.3125
249,219,Vitalii Mykolenko,224967,8,2,45,2,1.0,180,0,0,3,0,32.2,42.0,5,308,10291,Vitalii Mykolenko,180,0.089102387,0.152655654,1,3,1,0.089102387,0.175166503,0.044429701,13.3125
251,542,Vladimir Coufal,164555,19,2,45,3,1.5,180,0,0,3,0,15.6,17.2,9,278,8965,Vladimir Coufal,180,0.04945159,0.023832671,2,1,0,0.04945159,0.174604766,0.101320505,13.3125
252,284,Wesley Fofana,444463,10,2,45,0,0.0,180,0,0,6,0,40.6,4.4,23,233,7589,Wesley Fofana,180,0.436808915,0.0,2,0,1,0.436808915,0.755593166,0.332402647,13.3125
255,24,William Saliba,462424,1,2,45,7,3.5,180,0,0,2,1,29.6,0.8,0,209,6888,William Saliba,180,0.0,0.0,0,0,0,0.0,0.400302671,0.400302671,13.3125
209,312,Rasmus Kristensen,224209,11,2,50,2,1.0,180,0,0,3,0,22.4,16.6,37,319,10750,Rasmus Kristensen,180,0.193484649,0.0,1,0,1,0.193484649,0.511246979,0.511246979,13.3125
210,571,Rayan AÃ¯t-Nouri,448514,20,2,45,5,2.5,180,0,0,2,1,27.8,58.1,8,196,6674,Rayan Ait Nouri,180,0.0,0.573528036,0,4,0,0.0,0.573528036,0.573528036,13.3125
204,84,Pontus Jansson,61810,4,2,45,7,3.5,180,0,0,2,1,30.8,0.5,2,123,1801,Pontus Jansson,180,0.0,0.0,0,0,0,0.0,0.0,0.0,13.3125
169,42,Matty Cash,199796,2,2,49,3,1.5,180,0,0,3,0,26.6,17.3,10,272,8864,Matthew Cash,180,0.016840585,0.0,1,0,0,0.016840585,0.21616096,0.199320383,13.3125
150,74,Lloyd Kelly,235530,3,2,45,12,6.0,180,0,1,4,1,66.2,14.3,2,248,8090,Lloyd Kelly,180,0.0,0.027238073,0,1,0,0.0,0.026748877,0.026748877,13.3125
151,32,Lucas Digne,101188,2,2,50,0,0.0,180,0,0,3,0,20.0,37.9,14,124,1823,Lucas Digne,180,0.032672182,0.088752203,1,1,1,0.032672182,0.312344462,0.223592252,13.3125
154,386,Luke Shaw,106760,14,2,49,-1,-0.5,134,0,0,6,0,24.0,46.5,19,106,1006,Luke Shaw,140,0.056737062,0.166988969,1,3,1,0.056737062,0.176023327,0.031463496,13.3125
155,96,Mads Roerslev Rasmussen,226956,4,2,45,6,6.0,90,0,0,0,1,19.4,1.5,0,295,9685,Mads Roerslev,90,0.0,0.0,0,0,0,0.0,0.0,0.0,13.3125
157,144,Marc Cucurella Saseta,179268,6,2,50,4,2.0,105,0,1,2,0,31.6,46.0,26,215,7134,Marc Cucurella,96,0.113133587,0.394889981,2,2,1,0.113133587,0.396269511,0.349461496,13.3125
196,303,Pascal Struijk,222694,11,2,45,8,4.0,180,0,1,3,0,64.6,13.1,22,265,8717,Pascal Struijk,180,0.127580542,0.803935349,2,1,0,0.127580542,0.527234644,0.527234644,13.3125
165,217,Mason Holgate,194164,8,2,45,2,1.0,162,0,0,3,0,49.2,11.4,46,104,985,Mason Holgate,163,0.278707534,0.044429701,3,1,1,0.278707534,0.233308867,0.18887917,13.3125
168,427,Matt Targett,169359,15,2,50,8,8.0,90,0,0,0,1,17.2,37.6,0,98,884,Matt Targett,90,0.0,0.076643169,0,3,0,0.0,0.742763758,0.715846121,13.3125
158,188,Marc GuÃ©hi,209036,7,2,45,1,0.5,180,0,0,3,0,44.4,11.4,2,234,7603,Marc Guehi,180,0.0,0.069472365,0,1,0,0.0,0.220761649,0.151289284,13.3125
170,568,Max Kilman,214048,20,2,45,8,4.0,180,0,0,2,1,41.2,1.8,6,225,7332,Max Kilman,180,0.061051913,0.0,1,0,0,0.061051913,0.447945751,0.447945751,13.3125
179,462,Moussa NiakhatÃ©,199170,16,2,45,7,3.5,160,0,0,2,1,36.0,1.0,32,172,5989,Moussa Niakhate,167,0.470789433,0.0,3,0,0,0.470789433,0.127221376,0.127221376,13.3125
181,580,Nathan Collins,432830,20,2,45,9,4.5,180,0,0,2,1,27.6,1.9,2,64,579,Nathan AkÃ©,180,0.097082471,0.0,3,0,0,0.097082471,1.208712518,1.208712518,13.3125
182,222,Nathan Patterson,243571,8,2,40,3,1.5,180,0,0,3,0,35.8,4.0,30,299,9733,Nathan Collins,180,0.0,0.0,0,0,0,0.0,0.662239701,0.662239701,13.3125
183,178,Nathaniel Clyne,57328,7,2,45,2,1.0,180,0,0,3,0,19.2,14.9,0,309,10292,Nathan Patterson,180,0.070429161,0.0,2,0,0,0.070429161,0.115460202,0.115460202,13.3125
184,349,Nathaniel Phillips,197464,12,2,40,2,2.0,62,0,0,1,0,15.0,1.4,18,66,603,Nathaniel Clyne,180,0.0,0.064033084,0,1,1,0.0,0.814967066,0.814967066,13.3125
185,439,Neco Williams,215136,16,2,40,7,3.5,180,0,0,2,1,58.0,61.1,59,253,8228,Nathaniel Phillips,66,0.031389184,0.0,1,0,0,0.031389184,0.385635495,0.385635495,13.3125
175,494,Mohammed Salisu,450527,17,2,44,-2,-1.0,180,0,0,6,0,35.6,17.7,6,212,6923,Mohammed Salisu,180,0.044289846,0.04521222,1,1,1,0.044289846,0.854218911,0.809006691,13.3125
190,27,Oleksandr Zinchenko,206325,1,2,52,13,6.5,158,0,1,2,1,47.4,31.2,33,137,2958,Oleksandr Zinchenko,165,0.114458669,0.587520897,3,2,0,0.114458669,0.911534846,0.797076225,13.3125
212,530,Richarlison de Andrade,212319,18,4,85,1,1.0,33,0,0,1,0,0.4,0.3,0,173,6026,Richarlison,30,0.0,0.0,0,0,0,0.0,0.0,0.0,13.0
197,295,Patrick Bamford,106617,11,4,75,6,3.0,110,0,1,1,0,6.4,2.2,75,94,822,Patrick Bamford,113,0.64948836,0.0,4,0,0,0.64948836,0.64948836,0.0,13.0
198,283,Patson Daka,245419,10,4,59,2,1.0,44,0,0,2,0,10.2,3.4,20,301,9738,Patson Daka,39,0.07953465,0.0,1,0,0,0.07953465,0.142783403,0.063248761,13.0
171,537,Michail Antonio,57531,19,4,74,3,1.5,124,0,0,2,0,4.4,20.9,40,58,531,Michail Antonio,133,0.335870199,0.035951018,4,2,0,0.335870199,0.261042863,0.0,13.0
216,326,Roberto Firmino,92217,12,4,80,1,1.0,50,0,0,1,0,7.4,4.2,6,50,482,Roberto Firmino,53,0.0,0.0,0,0,0,0.0,0.016877776,0.016877776,13.0
47,29,Danny Ings,84939,2,4,70,7,3.5,142,1,0,1,1,32.8,22.5,80,18,986,Danny Ings,150,0.441446558,0.015351142,5,1,2,0.441446558,0.533509552,0.076711841,13.0
226,453,Sam Surridge,217331,16,4,50,2,1.0,80,0,0,1,0,7.4,1.1,8,160,5602,Sam Surridge,80,0.117727384,0.0,2,0,1,0.117727384,0.117727384,0.0,13.0
189,187,Odsonne Edouard,199670,7,4,55,1,0.5,84,0,0,1,0,6.6,2.3,57,144,3697,Odsonne Edouard,83,0.516368508,0.0,3,0,1,0.516368508,0.421418585,0.298626274,13.0
50,343,Darwin NÃºÃ±ez Ribeiro,447203,12,4,90,7,3.5,95,1,1,2,0,53.2,21.7,156,38,10720,Darwin NÃºÃ±ez,97,2.495908499,0.491571009,9,2,0,2.495908499,3.024283171,0.036803596,13.0
137,63,Kieffer Moore,128340,3,4,55,8,4.0,179,1,0,4,1,40.2,17.6,21,39,10743,Kieffer Moore,180,0.027238073,0.042054176,1,1,0,0.027238073,0.391076028,0.349021852,13.0
132,163,Kai Havertz,219847,6,4,79,3,1.5,163,0,0,1,1,11.6,18.2,84,151,5220,Kai Havertz,174,0.744145989,0.066325568,5,1,1,0.744145989,0.894338161,0.2095671,13.0
108,189,Jean-Philippe Mateta,231747,7,4,54,1,1.0,32,0,0,1,0,0.0,11.2,10,167,5735,Jean-Philippe Mateta,31,0.062172938,0.089563519,1,1,0,0.062172938,0.215769529,0.064033084,13.0
105,267,Jamie Vardy,101668,10,4,95,7,3.5,159,0,1,5,0,36.0,23.3,6,85,755,Jamie Vardy,164,0.0,0.449764127,0,2,0,0.0,0.466721594,0.016957469,13.0
79,553,Gianluca Scamacca,195899,19,4,70,2,1.0,54,0,0,1,0,0.0,1.8,16,186,6253,Gianluca Scamacca,47,0.030155944,0.0,1,0,0,0.030155944,0.053988615,0.023832671,13.0
70,370,Erling Haaland,223094,13,4,117,18,9.0,150,2,1,0,2,80.8,18.1,96,5,8260,Erling Haaland,160,2.387539431,0.41682297,7,1,0,1.626370475,2.150000572,0.106807135,13.0
60,67,Dominic Solanke,154566,3,4,59,2,2.0,90,0,0,0,1,4.4,0.6,43,113,1679,Dominic Solanke,90,0.186297402,0.0,3,0,0,0.186297402,0.448578537,0.26228115,13.0
35,485,Che Adams,200439,17,4,64,2,2.0,90,0,0,2,0,5.2,13.5,3,238,7700,Che Adams,90,0.011730433,0.013560585,1,1,0,0.011730433,1.096614122,1.071323156,13.0
233,459,Taiwo Awoniyi,210156,16,4,59,9,4.5,98,1,0,1,1,34.8,7.6,17,33,7814,Taiwo Awoniyi,100,0.651374817,0.0,2,0,0,0.651374817,0.712541997,0.061167177,13.0
31,101,Bryan Mbeumo,446008,4,4,60,8,4.0,162,1,0,2,1,44.0,18.6,50,28,6552,Bryan Mbeumo,167,0.472263366,0.185684502,4,1,0,0.472263366,0.657947868,0.0,13.0
8,243,Aleksandar MitroviÄ‡,128389,9,4,66,12,6.0,180,2,0,2,1,87.8,26.0,92,2,773,Aleksandar Mitrovic,180,1.815388024,0.148225911,7,2,1,0.293050319,0.34805689,0.078902163,13.0
4,482,Adam Armstrong,155511,17,4,55,5,2.5,74,0,1,2,0,17.4,11.9,5,147,4419,Adam Armstrong,73,0.051574197,0.702688754,1,1,0,0.051574197,0.770724561,0.719150364,13.0
28,456,Brennan Johnson,242898,16,4,60,3,1.5,180,0,0,2,1,1.6,15.2,23,325,10760,Brennan Johnson,180,0.11072126,0.574491143,2,1,1,0.11072126,0.812433779,0.127221376,13.0
88,501,Hugo Lloris,37915,18,1,55,3,1.5,180,0,0,3,0,24.6,0.0,0,71,637,Hugo Lloris,180,0.0,0.0,0,0,0,0.0,0.853882134,0.853882134,6.5
13,551,Alphonse Areola,84182,19,1,45,1,1.0,61,0,0,2,0,0.0,0.0,0,129,2310,Alphonse Areola,62,0.0,0.0,0,0,0,0.0,0.023832671,0.023832671,6.5
48,266,Danny Ward,95463,10,1,40,2,1.0,180,0,0,6,0,37.8,0.0,0,49,473,Danny Ward,180,0.0,0.0,0,0,0,0.0,0.115016647,0.115016647,6.5
51,381,David De Gea Quintana,51940,14,1,49,2,1.0,180,0,0,6,0,37.6,0.0,0,61,546,David de Gea,180,0.0,0.0,0,0,0,0.0,0.182597034,0.182597034,6.5
52,87,David Raya Martin,154561,4,1,45,9,4.5,180,0,0,2,1,47.4,0.0,0,290,9676,David Raya,180,0.0,0.0,0,0,0,0.0,0.01553738,0.01553738,6.5
63,360,Ederson Santana de Moraes,121160,13,1,55,13,6.5,180,0,0,0,2,20.6,0.0,0,179,6054,Ederson,180,0.0,0.0,0,0,0,0.0,0.949037932,0.949037932,6.5
64,165,Edouard Mendy,228286,6,1,50,8,4.0,180,0,0,2,1,53.6,0.0,0,208,6880,Edouard Mendy,180,0.0,0.0,0,0,1,0.0,0.392817944,0.392817944,6.5
67,30,Emiliano MartÃ­nez Romero,98980,2,1,50,4,2.0,180,0,0,3,0,43.8,0.0,0,146,4401,Emiliano Martinez,180,0.0,0.0,0,0,0,0.0,0.0,0.0,6.5
78,496,Gavin Bazunu,456350,17,1,45,3,1.5,180,0,0,6,0,61.0,0.0,0,327,10765,Gavin Bazunu,180,0.0,0.0,0,0,0,0.0,0.278778076,0.278778076,6.5
127,207,Jordan Pickford,111234,8,1,45,4,2.0,180,0,0,3,0,47.0,0.0,0,82,741,Jordan Pickford,180,0.0,0.0,0,0,0,0.0,0.134275556,0.134275556,6.5
90,306,Illan Meslier,437495,11,1,45,4,2.0,180,0,0,3,0,53.4,0.0,0,264,8715,Illan Meslier,180,0.0,0.0,0,0,0,0.0,0.0,0.0,6.5
130,562,JosÃ© Malheiro de SÃ¡,149065,20,1,50,17,8.5,180,0,0,2,1,72.4,0.0,0,302,9740,JosÃ© SÃ¡,180,0.0,0.0,0,0,0,0.0,0.017455781,0.017455781,6.5
153,534,Lukasz Fabianski,37096,19,1,50,4,2.0,118,0,0,1,0,47.4,0.0,0,81,706,Lukasz Fabianski,118,0.0,0.0,0,0,0,0.0,0.032157723,0.032157723,6.5
162,246,Marek RodÃ¡k,155529,9,1,45,7,3.5,180,0,0,2,1,19.0,0.0,0,262,8704,Marek RodÃ¡k,180,0.0,0.0,0,0,0,0.0,0.0,0.0,6.5
163,73,Mark Travers,229600,3,1,45,7,3.5,180,0,0,4,1,45.2,0.0,0,232,7582,Mark Travers,180,0.0,0.0,0,0,0,0.0,0.289030027,0.289030027,6.5
188,436,Nick Pope,98747,15,1,50,16,8.0,180,0,0,0,2,41.0,0.0,0,155,5552,Nick Pope,180,0.0,0.0,0,0,0,0.0,0.550783038,0.550783038,6.5
215,124,Robert SÃ¡nchez,215059,5,1,45,10,5.0,180,0,0,1,1,46.0,0.0,0,281,9098,Robert SÃ¡nchez,180,0.0,0.0,0,0,0,0.0,0.016128626,0.016128626,6.5
247,173,Vicente Guaita,40836,7,1,45,3,1.5,180,0,0,3,0,40.2,0.0,0,126,2190,Vicente Guaita,180,0.0,0.0,0,0,1,0.0,0.458617412,0.458617412,6.5
11,328,Alisson Ramses Becker,116535,12,1,55,3,1.5,180,0,0,3,0,25.0,0.0,0,111,1257,Alisson,180,0.0,0.0,0,0,0,0.0,0.587642372,0.587642372,6.5
2,13,Aaron Ramsdale,225321,1,1,50,7,3.5,180,0,0,2,1,30.6,0.0,0,161,5603,Aaron Ramsdale,180,0.0,0.0,0,0,0,0.0,0.057627331,0.057627331,6.5
